{
	"description": "项目配置文件。",
	"packOptions": {
		"ignore": []
	},
	"setting": {
		"urlCheck": false,
		"es6": true,
		"postcss": true,
		"minified": true,
		"newFeature": true
	},
	"compileType": "miniprogram",
	"libVersion": "1.9.98",
	"appid": "wxe8744de179dd0eb1",
	"projectname": "%E4%BA%91%E5%BC%80%E5%8F%91",
	"isGameTourist": false,
	"condition": {
		"search": {
			"current": -1,
			"list": []
		},
		"conversation": {
			"current": -1,
			"list": []
		},
		"plugin": {
			"current": -1,
			"list": []
		},
		"game": {
			"currentL": -1,
			"list": []
		},
		"miniprogram": {
			"current": -1,
			"list": [
				{
					"id": -1,
					"name": "个人信息",
					"pathName": "pages/staff/employee_info",
					"query": "employee_id=1"
				},
				{
					"id": -1,
					"name": "员工列表",
					"pathName": "pages/staff/employee_list",
					"query": ""
				}
			]
		}
	}
}